시도명,시군구명,측정연도,지하철호선명,지하철역사명,측정위치,미세먼지,초미세먼지,이산화탄소,폼알데하이드,일산화탄소,이산화질소,라돈,휘발성유기화합물,관리기관명,데이터기준일자
서울특별시,중구,2023,1호선,서울역(1),대합실 및 승강장,33.7,68.8,525,15.8,1.7,0.016,10.1,123,서울교통공사,2024-06-25
서울특별시,중구,2023,1호선,시청(1),대합실 및 승강장,54.7,81.7,444,6,1.4,0.017,13.4,71.6,서울교통공사,2024-06-25
서울특별시,종로구,2023,1호선,종각,대합실 및 승강장,49.8,162.1,605.5,7,0.9,0.018,15.8,111.9,서울교통공사,2024-06-25
서울특별시,종로구,2023,1호선,종로3가(1),대합실 및 승강장,64.7,75.9,575.5,7,0.5,0.016,8.7,150.7,서울교통공사,2024-06-25
서울특별시,종로구,2023,1호선,종로5가,대합실 및 승강장,71.4,106.5,554,8.4,0.8,0.017,11.6,105.2,서울교통공사,2024-06-25
서울특별시,종로구,2023,1호선,동대문(1),대합실 및 승강장,61.1,76.9,756,9.3,0.6,0.015,16.2,142.4,서울교통공사,2024-06-25
서울특별시,종로구,2023,1호선,동묘앞(1),대합실 및 승강장,46.5,49.5,457,7.8,0.7,0.016,10.1,147.7,서울교통공사,2024-06-25
서울특별시,동대문구,2023,1호선,신설동(1),대합실 및 승강장,72.3,70.8,563,8.4,0.4,0.016,13.9,90.5,서울교통공사,2024-06-25
서울특별시,동대문구,2023,1호선,제기동,대합실 및 승강장,63,76.5,509,9.3,0.5,0.015,10.2,100.1,서울교통공사,2024-06-25
서울특별시,동대문구,2023,1호선,청량리,대합실 및 승강장,56,38.6,509,6.3,0.7,0.018,7.9,89.6,서울교통공사,2024-06-25
서울특별시,중구,2023,2호선,시청(2),대합실 및 승강장,53,38.6,601,8.5,1.4,0.015,22,170.3,서울교통공사,2024-06-25
서울특별시,중구,2023,2호선,을지로입구,대합실 및 승강장,40.5,67.9,503,8.2,1.6,0.016,10.8,85.8,서울교통공사,2024-06-25
서울특별시,중구,2023,2호선,을지로3가(2),대합실 및 승강장,49.2,56.2,715,12,1.5,0.017,21.1,108,서울교통공사,2024-06-25
서울특별시,중구,2023,2호선,을지로4가(2),대합실 및 승강장,32.9,44.2,454,7.3,1.4,0.016,13.4,154.3,서울교통공사,2024-06-25
서울특별시,중구,2023,2호선,동대문역사문화공원(2),대합실 및 승강장,46.8,67.3,446,6.7,1.5,0.017,10.4,72.1,서울교통공사,2024-06-25
서울특별시,중구,2023,2호선,신당(2),대합실 및 승강장,57,36.9,461.5,8.4,0.8,0.017,15.8,123.3,서울교통공사,2024-06-25
서울특별시,성동구,2023,2호선,상왕십리,대합실 및 승강장,46.7,49.2,471,7.1,0.7,0.018,11.4,82.7,서울교통공사,2024-06-25
서울특별시,성동구,2023,2호선,왕십리(2),대합실 및 승강장,40,31.4,471,8,1,0.019,21.3,125.9,서울교통공사,2024-06-25
서울특별시,송파구,2023,2호선,잠실(2),대합실 및 승강장,31.3,42.4,469.3,2.4,0.6,0.015,10.2,55.4,서울교통공사,2024-06-25
서울특별시,송파구,2023,2호선,잠실새내,대합실 및 승강장,48.2,42.2,452,2.8,0.8,0.014,7.5,52.4,서울교통공사,2024-06-25
서울특별시,송파구,2023,2호선,종합운동장(2),대합실 및 승강장,26,27.9,432.3,3.2,0.5,0.016,14.3,102.9,서울교통공사,2024-06-25
서울특별시,강남구,2023,2호선,삼성,대합실 및 승강장,31.3,49.2,496,3.3,0.6,0.019,7.8,79.9,서울교통공사,2024-06-25
서울특별시,강남구,2023,2호선,선릉,대합실 및 승강장,39.5,49.1,596.5,6.1,0.8,0.022,12,100.6,서울교통공사,2024-06-25
서울특별시,강남구,2023,2호선,역삼,대합실 및 승강장,33.8,33.6,505.5,5.6,0.5,0.018,9,87.9,서울교통공사,2024-06-25
서울특별시,강남구,2023,2호선,강남(2),대합실 및 승강장,26,27.8,636,6.8,0.7,0.02,10.1,110.1,서울교통공사,2024-06-25
서울특별시,서초구,2023,2호선,교대(2),대합실 및 승강장,36.3,31,497,3.5,0.6,0.018,7.8,81.6,서울교통공사,2024-06-25
서울특별시,서초구,2023,2호선,서초,대합실 및 승강장,31.2,46.9,456.5,2.2,0.6,0.023,7.5,64.9,서울교통공사,2024-06-25
서울특별시,서초구,2023,2호선,방배,대합실 및 승강장,45.5,54.3,442.5,3,0.6,0.023,7.7,68.1,서울교통공사,2024-06-25
서울특별시,동작구,2023,2호선,사당(2),대합실 및 승강장,43.4,37.9,495.7,4.2,0.5,0.02,10.9,59.5,서울교통공사,2024-06-25
서울특별시,관악구,2023,2호선,낙성대,대합실 및 승강장,59,67.6,458,3.2,0.5,0.019,11,112,서울교통공사,2024-06-25
서울특별시,관악구,2023,2호선,서울대입구,대합실 및 승강장,78.7,50.3,463.5,9.4,1.2,0.027,7.5,68.2,서울교통공사,2024-06-25
서울특별시,관악구,2023,2호선,봉천,대합실 및 승강장,75.4,42.7,457,4.9,0.6,0.015,31.5,73.3,서울교통공사,2024-06-25
서울특별시,관악구,2023,2호선,신림,대합실 및 승강장,62,42.4,516,6.5,0.5,0.016,11.2,145.7,서울교통공사,2024-06-25
서울특별시,구로구,2023,2호선,신도림(2),대합실 및 승강장,63.9,34.1,590,11.1,0.8,0.016,10.4,63,서울교통공사,2024-06-25
서울특별시,영등포구,2023,2호선,문래,대합실 및 승강장,47.3,33.1,494.5,9,0.5,0.017,10.7,37.7,서울교통공사,2024-06-25
서울특별시,영등포구,2023,2호선,영등포구청(2),대합실 및 승강장,72.9,40.4,504,9.6,0.6,0.012,9.3,57.1,서울교통공사,2024-06-25
서울특별시,마포구,2023,2호선,합정(2),대합실 및 승강장,48.9,33.2,486,8.1,0.6,0.017,10.2,139.7,서울교통공사,2024-06-25
서울특별시,마포구,2023,2호선,홍대입구(2),대합실 및 승강장,79.1,30.4,590.5,9.7,0.5,0.016,17.8,118.2,서울교통공사,2024-06-25
서울특별시,마포구,2023,2호선,신촌,대합실 및 승강장,40.2,35.8,446,7,0.7,0.015,10.8,102.6,서울교통공사,2024-06-25
서울특별시,마포구,2023,2호선,이대,대합실 및 승강장,92.1,70.5,464,4.1,0.6,0.018,9.8,69.6,서울교통공사,2024-06-25
서울특별시,마포구,2023,2호선,아현,대합실 및 승강장,54.3,48,466,5.5,0.5,0.017,18.4,111.8,서울교통공사,2024-06-25
서울특별시,서대문구,2023,2호선,충정로(2),대합실 및 승강장,124,66.6,420,5.7,0.6,0.019,16.1,99.2,서울교통공사,2024-06-25
서울특별시,구로구,2023,2호선,도림천,대합실 및 승강장,78.4,58.6,491,5,1.1,0.025,12.2,365.3,서울교통공사,2024-06-25
서울특별시,양천구,2023,2호선,양천구청,대합실 및 승강장,46.5,37.9,429.5,5.2,1.1,0.018,13.7,62.9,서울교통공사,2024-06-25
서울특별시,양천구,2023,2호선,신정네거리,대합실 및 승강장,41.7,39,509.5,6.4,1.5,0.022,18.8,63.2,서울교통공사,2024-06-25
서울특별시,동대문구,2023,2호선,신설동(2),대합실 및 승강장,44.8,21.8,483,6.8,0.8,0.014,11.6,137.7,서울교통공사,2024-06-25
서울특별시,동대문구,2023,2호선,용두,대합실 및 승강장,56.7,23.3,461.5,6.9,0.5,0.013,8.3,219.2,서울교통공사,2024-06-25
서울특별시,은평구,2023,3호선,구파발,대합실 및 승강장,49.3,41.9,404,5.3,0.5,0.018,16.7,111.5,서울교통공사,2024-06-25
서울특별시,은평구,2023,3호선,연신내(3),대합실 및 승강장,47.1,34.4,450,7.6,0.6,0.017,13.5,109.4,서울교통공사,2024-06-25
서울특별시,은평구,2023,3호선,불광(3),대합실 및 승강장,58,30.1,485,5.5,0.5,0.019,11.8,131.3,서울교통공사,2024-06-25
서울특별시,은평구,2023,3호선,녹번,대합실 및 승강장,47.5,38.3,454,4.7,0.5,0.017,20.9,120.4,서울교통공사,2024-06-25
서울특별시,서대문구,2023,3호선,홍제,대합실 및 승강장,82.3,34.3,456,6.3,0.7,0.021,14,114.9,서울교통공사,2024-06-25
서울특별시,서대문구,2023,3호선,무악재,대합실 및 승강장,41.3,44.3,425,2.7,0.6,0.016,23,128.2,서울교통공사,2024-06-25
서울특별시,서대문구,2023,3호선,독립문,대합실 및 승강장,53.3,28.2,463.5,2.6,0.5,0.016,20.2,96.8,서울교통공사,2024-06-25
서울특별시,종로구,2023,3호선,경복궁,대합실 및 승강장,53.7,43.9,464,5.4,0.5,0.015,31.6,94,서울교통공사,2024-06-25
서울특별시,종로구,2023,3호선,안국,대합실 및 승강장,38.8,37.7,460.7,5,0.5,0.016,20.9,63.5,서울교통공사,2024-06-25
서울특별시,종로구,2023,3호선,종로3가(3),대합실 및 승강장,44.2,48.2,558.7,5.5,0.5,0.014,20.9,219.5,서울교통공사,2024-06-25
서울특별시,중구,2023,3호선,을지로3가(3),대합실 및 승강장,43.9,40.4,510,5.6,0.5,0.016,21.1,472.5,서울교통공사,2024-06-25
서울특별시,중구,2023,3호선,충무로(3),대합실 및 승강장,74.6,62.9,553.5,4.9,0.7,0.017,32.4,404.9,서울교통공사,2024-06-25
서울특별시,중구,2023,3호선,동대입구,대합실 및 승강장,46.6,25.2,431.5,4.4,0.5,0.016,12.6,239.8,서울교통공사,2024-06-25
서울특별시,중구,2023,3호선,약수(3),대합실 및 승강장,44.5,28.6,478.3,6.2,0.6,0.019,14.7,186.8,서울교통공사,2024-06-25
서울특별시,성동구,2023,3호선,금호,대합실 및 승강장,62,27,462,5.6,0.5,0.016,10.9,133.6,서울교통공사,2024-06-25
서울특별시,강남구,2023,3호선,압구정,대합실 및 승강장,42.2,27.3,477,6.8,0.6,0.017,12,123.6,서울교통공사,2024-06-25
서울특별시,강남구,2023,3호선,신사,대합실 및 승강장,49.6,42.5,509.5,7.2,0.8,0.02,9.4,216.3,서울교통공사,2024-06-25
서울특별시,서초구,2023,3호선,잠원,대합실 및 승강장,33.1,28.4,435,3.6,0.5,0.014,9.5,310.3,서울교통공사,2024-06-25
서울특별시,서초구,2023,3호선,고속터미널(3),대합실 및 승강장,48.7,27.8,681,11,0.6,0.018,12,133.9,서울교통공사,2024-06-25
서울특별시,서초구,2023,3호선,교대(3),대합실 및 승강장,24.1,33.7,613.5,4.9,0.5,0.017,9.8,401.9,서울교통공사,2024-06-25
서울특별시,서초구,2023,3호선,남부터미널,대합실 및 승강장,41.2,44.8,468.3,3.6,0.5,0.018,9.8,90.1,서울교통공사,2024-06-25
서울특별시,서초구,2023,3호선,양재,대합실 및 승강장,43,39,449,5.4,0.5,0.017,12.8,43.3,서울교통공사,2024-06-25
서울특별시,강남구,2023,3호선,매봉,대합실 및 승강장,50.1,35.7,428,5.2,0.7,0.018,5.5,74.8,서울교통공사,2024-06-25
서울특별시,강남구,2023,3호선,도곡,대합실 및 승강장,61,34.8,438,6.7,0.5,0.016,15.3,242.6,서울교통공사,2024-06-25
서울특별시,강남구,2023,3호선,대치,대합실 및 승강장,50.8,33.2,462,6.6,0.7,0.018,11,203.8,서울교통공사,2024-06-25
서울특별시,강남구,2023,3호선,학여울,대합실 및 승강장,42.1,35.1,464,5.9,0.5,0.016,10.1,122.5,서울교통공사,2024-06-25
서울특별시,강남구,2023,3호선,대청,대합실 및 승강장,62.5,36.5,474,6,0.7,0.015,12.1,98.9,서울교통공사,2024-06-25
서울특별시,강남구,2023,3호선,일원,대합실 및 승강장,63.2,63.2,467,5.5,0.5,0.016,12.4,80,서울교통공사,2024-06-25
서울특별시,강남구,2023,3호선,수서(3),대합실 및 승강장,75.7,46.9,477.5,6.6,0.7,0.019,12.6,137.4,서울교통공사,2024-06-25
서울특별시,송파구,2023,3호선,가락시장(3),대합실 및 승강장,36.6,27,455.3,4.7,0.6,0.016,6,68.7,서울교통공사,2024-06-25
서울특별시,송파구,2023,3호선,경찰병원,대합실 및 승강장,54.7,30,461.5,5.9,0.8,0.017,7.4,78.6,서울교통공사,2024-06-25
서울특별시,송파구,2023,3호선,오금(3),대합실 및 승강장,38.5,24.7,446.3,3.6,0.6,0.015,8.2,320.1,서울교통공사,2024-06-25
서울특별시,도봉구,2023,4호선,쌍문,대합실 및 승강장,42.6,37.3,411.5,7.3,0.6,0.017,18.3,69.4,서울교통공사,2024-06-25
서울특별시,강북구,2023,4호선,수유,대합실 및 승강장,42.6,61.2,446.5,6,0.5,0.015,12.8,86.7,서울교통공사,2024-06-25
서울특별시,강북구,2023,4호선,미아,대합실 및 승강장,53.5,66,452.5,7.1,0.6,0.015,14.5,157.8,서울교통공사,2024-06-25
서울특별시,강북구,2023,4호선,미아사거리,대합실 및 승강장,51.8,49.6,463,4.8,0.5,0.016,12.9,131.2,서울교통공사,2024-06-25
서울특별시,성북구,2023,4호선,길음,대합실 및 승강장,36.6,48.6,442,4.5,0.5,0.016,16.4,176.6,서울교통공사,2024-06-25
서울특별시,성북구,2023,4호선,성신여대입구,대합실 및 승강장,39.1,63.3,470.5,6.5,0.6,0.017,24.5,90.8,서울교통공사,2024-06-25
서울특별시,성북구,2023,4호선,한성대입구,대합실 및 승강장,38.8,72.1,434,6.4,0.5,0.015,13.7,56.8,서울교통공사,2024-06-25
서울특별시,종로구,2023,4호선,혜화,대합실 및 승강장,40.7,54.1,491.5,5.2,0.7,0.016,11.1,71.1,서울교통공사,2024-06-25
서울특별시,종로구,2023,4호선,동대문(4),대합실 및 승강장,55.9,48.8,490,7.5,0.5,0.017,14.5,100.1,서울교통공사,2024-06-25
서울특별시,중구,2023,4호선,동대문역사문화공원(4),대합실 및 승강장,43.9,47.8,525,6.6,0.5,0.016,23.4,118.9,서울교통공사,2024-06-25
서울특별시,중구,2023,4호선,충무로(4),대합실 및 승강장,42,64.9,533,6.4,0.4,0.016,24.6,59.7,서울교통공사,2024-06-25
서울특별시,중구,2023,4호선,명동,대합실 및 승강장,41.4,48.8,642.5,6.8,0.7,0.018,17.4,46.6,서울교통공사,2024-06-25
서울특별시,중구,2023,4호선,회현,대합실 및 승강장,36.2,57.4,520,7.1,0.5,0.018,15.5,71,서울교통공사,2024-06-25
서울특별시,용산구,2023,4호선,서울역(4),대합실 및 승강장,42,36.4,475,6.6,0.6,0.019,9.2,74.8,서울교통공사,2024-06-25
서울특별시,용산구,2023,4호선,숙대입구,대합실 및 승강장,33.7,33,466.5,7.5,0.5,0.018,7,63.4,서울교통공사,2024-06-25
서울특별시,용산구,2023,4호선,삼각지(4),대합실 및 승강장,45.8,36.3,435,6.9,0.5,0.017,9.2,96,서울교통공사,2024-06-25
서울특별시,용산구,2023,4호선,신용산,대합실 및 승강장,41.5,47,455.5,5.6,0.6,0.017,7.6,77.7,서울교통공사,2024-06-25
서울특별시,용산구,2023,4호선,이촌,대합실 및 승강장,47.4,45.3,447,6.7,0.5,0.016,13.5,110.3,서울교통공사,2024-06-25
서울특별시,동작구,2023,4호선,총신대입구(4),대합실 및 승강장,46.9,39.8,437.5,6.8,0.5,0.017,12.6,64.2,서울교통공사,2024-06-25
서울특별시,동작구,2023,4호선,사당(4),대합실 및 승강장,65.1,39.5,466,6.8,0.7,0.019,17.5,72.2,서울교통공사,2024-06-25
서울특별시,서초구,2023,4호선,남태령,대합실 및 승강장,75.7,74.3,428.5,5.6,0.7,0.016,64.6,53.2,서울교통공사,2024-06-25
서울특별시,강서구,2023,5호선,방화,대합실 및 승강장,43.4,26.6,487.2,3.1,0.7,0.023,43.1,73.4,서울교통공사,2024-06-25
서울특별시,강서구,2023,5호선,개화산,대합실 및 승강장,42.6,47.6,469.9,3.3,0.6,0.017,29.7,61.3,서울교통공사,2024-06-25
서울특별시,강서구,2023,5호선,김포공항(5),대합실 및 승강장,50.4,38.6,411.1,1.9,1.6,0.008,57.7,145.8,서울교통공사,2024-06-25
서울특별시,강서구,2023,5호선,송정,대합실 및 승강장,32.8,34.7,532.1,5.2,1.9,0.084,34.7,167.8,서울교통공사,2024-06-25
서울특별시,강서구,2023,5호선,마곡,대합실 및 승강장,48.4,32.4,500.9,4.4,0.7,0.032,34.7,123.2,서울교통공사,2024-06-25
서울특별시,강서구,2023,5호선,발산,대합실 및 승강장,58.2,32.1,440.7,3.7,1.1,0.034,21.3,127.2,서울교통공사,2024-06-25
서울특별시,강서구,2023,5호선,우장산,대합실 및 승강장,54.4,42.5,385,3.6,0.5,0.023,26.3,116.8,서울교통공사,2024-06-25
서울특별시,강서구,2023,5호선,화곡,대합실 및 승강장,63.8,34.9,527.6,8.4,1.5,0.057,33,185.3,서울교통공사,2024-06-25
서울특별시,강서구,2023,5호선,까치산(5),대합실 및 승강장,61.9,43.3,513.1,4,0.6,0.03,36.4,180.9,서울교통공사,2024-06-25
서울특별시,양천구,2023,5호선,신정,대합실 및 승강장,68.6,41.4,640,8.3,1.8,0.094,39.8,251.8,서울교통공사,2024-06-25
서울특별시,양천구,2023,5호선,목동,대합실 및 승강장,40.2,30.2,550.4,6.8,0.7,0.056,36.4,173.8,서울교통공사,2024-06-25
서울특별시,양천구,2023,5호선,오목교,대합실 및 승강장,49.3,36.1,574.2,8,1.6,0.07,34.2,179.7,서울교통공사,2024-06-25
서울특별시,영등포구,2023,5호선,양평,대합실 및 승강장,51.2,46.2,464.5,6,0.6,0.025,39.8,123.7,서울교통공사,2024-06-25
서울특별시,영등포구,2023,5호선,영등포구청(5),대합실 및 승강장,59.9,29,473.7,6.9,1.1,0.036,37.2,236.6,서울교통공사,2024-06-25
서울특별시,영등포구,2023,5호선,영등포시장,대합실 및 승강장,39.5,38.3,522.8,6.6,0.9,0.034,47.6,296.4,서울교통공사,2024-06-25
서울특별시,영등포구,2023,5호선,신길(5),대합실 및 승강장,36.6,29.2,635.2,6.7,1.1,0.056,39.8,206.2,서울교통공사,2024-06-25
서울특별시,영등포구,2023,5호선,여의도,대합실 및 승강장,44.2,74.6,581.6,6.7,0.6,0.05,43.1,159.5,서울교통공사,2024-06-25
서울특별시,영등포구,2023,5호선,여의나루,대합실 및 승강장,50.3,36.8,546.4,5.7,1.1,0.062,40.9,110.7,서울교통공사,2024-06-25
서울특별시,마포구,2023,5호선,마포,대합실 및 승강장,55.3,33.7,506.8,4.8,0.8,0.03,45.2,91.1,서울교통공사,2024-06-25
서울특별시,마포구,2023,5호선,공덕(5),대합실 및 승강장,65.5,30.1,474.8,7.9,0.8,0.032,34.4,90,서울교통공사,2024-06-25
서울특별시,마포구,2023,5호선,애오개,대합실 및 승강장,77.2,37.4,561.8,6.2,1.8,0.091,38.4,262.7,서울교통공사,2024-06-25
서울특별시,서대문구,2023,5호선,충정로(5),대합실 및 승강장,51.7,34.6,576.1,5.6,1.1,0.08,40.1,160.9,서울교통공사,2024-06-25
서울특별시,종로구,2023,5호선,서대문,대합실 및 승강장,91.5,38.9,505.1,4.5,1.1,0.039,43.5,198.5,서울교통공사,2024-06-25
서울특별시,종로구,2023,5호선,광화문,대합실 및 승강장,86.1,42.7,525.3,5.6,0.6,0.026,58.2,149.7,서울교통공사,2024-06-25
서울특별시,종로구,2023,5호선,종로3가(5),대합실 및 승강장,54.8,56.9,563.5,2.9,0.6,0.014,60.5,74.6,서울교통공사,2024-06-25
서울특별시,중구,2023,5호선,을지로4가(5),대합실 및 승강장,43.6,43,493.1,3.4,0.6,0.019,49.2,243.4,서울교통공사,2024-06-25
서울특별시,중구,2023,5호선,동대문역사문화공원(5),대합실 및 승강장,45.1,42.5,564,4.5,0.8,0.036,63.9,299.8,서울교통공사,2024-06-25
서울특별시,중구,2023,5호선,청구(5),대합실 및 승강장,25.3,48.5,530.5,4.2,0.7,0.051,45.2,90.2,서울교통공사,2024-06-25
서울특별시,성동구,2023,5호선,신금호,대합실 및 승강장,43.6,49.2,465,4.9,0.9,0.028,53.5,116.3,서울교통공사,2024-06-25
서울특별시,성동구,2023,5호선,행당,대합실 및 승강장,28.2,31,460.7,3.6,0.4,0.019,50.1,104,서울교통공사,2024-06-25
서울특별시,성동구,2023,5호선,왕십리(5),대합실 및 승강장,43.1,58.7,594.5,5.1,1,0.047,51.2,142.4,서울교통공사,2024-06-25
서울특별시,성동구,2023,5호선,마장,대합실 및 승강장,30.9,26.4,507.5,4,0.6,0.038,43.4,72.2,서울교통공사,2024-06-25
서울특별시,성동구,2023,5호선,답십리,대합실 및 승강장,23.3,29.2,550,5.2,1.1,0.06,33.3,101,서울교통공사,2024-06-25
서울특별시,동대문구,2023,5호선,장한평,대합실 및 승강장,43.3,36.5,540,6.1,0.7,0.054,40,193.9,서울교통공사,2024-06-25
서울특별시,광진구,2023,5호선,군자(5),대합실 및 승강장,54.1,42.7,574.7,5.7,0.7,0.028,38.9,125.8,서울교통공사,2024-06-25
서울특별시,광진구,2023,5호선,아차산,대합실 및 승강장,50,47.1,458.3,4.5,0.3,0.021,48.4,131.8,서울교통공사,2024-06-25
서울특별시,광진구,2023,5호선,광나루,대합실 및 승강장,62.6,47,482.8,3.8,0.7,0.025,41.7,91.6,서울교통공사,2024-06-25
서울특별시,강동구,2023,5호선,천호(5),대합실 및 승강장,59.4,47.9,574.5,3.4,0.5,0.019,41.5,83.3,서울교통공사,2024-06-25
서울특별시,강동구,2023,5호선,강동,대합실 및 승강장,43.4,34.4,574.2,3.9,0.8,0.049,59.1,93.3,서울교통공사,2024-06-25
서울특별시,강동구,2023,5호선,길동,대합실 및 승강장,28.7,27,523.8,7.4,1.3,0.075,35.2,64.4,서울교통공사,2024-06-25
서울특별시,강동구,2023,5호선,굽은다리,대합실 및 승강장,33.8,26,524,5.2,0.8,0.054,38.5,199.2,서울교통공사,2024-06-25
서울특별시,강동구,2023,5호선,명일,대합실 및 승강장,53.5,35.4,463.1,4.1,2.1,0.031,41.8,60.3,서울교통공사,2024-06-25
서울특별시,강동구,2023,5호선,고덕,대합실 및 승강장,40.7,29,426.8,6.3,0.3,0.013,31.9,60.3,서울교통공사,2024-06-25
서울특별시,강동구,2023,5호선,상일동,대합실 및 승강장,36,29.8,495.6,6.1,0.5,0.026,38.5,61.3,서울교통공사,2024-06-25
서울특별시,강동구,2023,5호선,강일,대합실 및 승강장,39.7,22.4,475.8,5.6,1.1,0.04,57.8,117.7,서울교통공사,2024-06-25
경기도,하남시,2023,5호선,미사,대합실 및 승강장,36.4,26.4,563.8,4.8,1.5,0.093,28.1,259.2,서울교통공사,2024-06-25
경기도,하남시,2023,5호선,하남풍산,대합실 및 승강장,33.4,24.3,477,5,0.7,0.033,30.3,107.6,서울교통공사,2024-06-25
경기도,하남시,2023,5호선,하남시청,대합실 및 승강장,29.3,21.8,516.5,5.2,1.1,0.07,40.2,270,서울교통공사,2024-06-25
경기도,하남시,2023,5호선,하남검단산,대합실 및 승강장,39.5,22.6,484.3,4.4,0.8,0.031,51.2,167.7,서울교통공사,2024-06-25
서울특별시,강동구,2023,5호선,둔촌동,대합실 및 승강장,69.7,28.2,528.5,8.2,2.2,0.043,40.4,276.6,서울교통공사,2024-06-25
서울특별시,송파구,2023,5호선,올림픽공원(5),대합실 및 승강장,84.5,29.2,474.7,7.9,0.6,0.027,38.7,170.2,서울교통공사,2024-06-25
서울특별시,송파구,2023,5호선,방이,대합실 및 승강장,49.5,30.3,658.7,9.4,2.1,0.059,33.6,256.8,서울교통공사,2024-06-25
서울특별시,송파구,2023,5호선,오금(5),대합실 및 승강장,43.5,27.2,481.8,10.1,1.6,0.051,25.1,355.6,서울교통공사,2024-06-25
서울특별시,송파구,2023,5호선,개롱,대합실 및 승강장,24,26.4,468.5,9,0.6,0.027,28.5,209.2,서울교통공사,2024-06-25
서울특별시,송파구,2023,5호선,거여,대합실 및 승강장,39.1,20.1,520.3,8.8,1.3,0.072,25.1,224.9,서울교통공사,2024-06-25
서울특별시,송파구,2023,5호선,마천,대합실 및 승강장,37,23.7,504,8.8,0.8,0.037,48.9,314.4,서울교통공사,2024-06-25
서울특별시,은평구,2023,6호선,응암,대합실 및 승강장,39.5,40.4,506,8.9,0.3,0.025,44.1,137.3,서울교통공사,2024-06-25
서울특별시,은평구,2023,6호선,역촌,대합실 및 승강장,33.9,27.7,455.3,4.8,0.7,0.029,42.4,149.3,서울교통공사,2024-06-25
서울특별시,은평구,2023,6호선,불광(6),대합실 및 승강장,26.4,23.8,509,6.6,0.6,0.025,42.4,144.7,서울교통공사,2024-06-25
서울특별시,은평구,2023,6호선,독바위,대합실 및 승강장,30.2,26.9,402,10.1,0.5,0.012,62.6,124.9,서울교통공사,2024-06-25
서울특별시,은평구,2023,6호선,연신내(6),대합실 및 승강장,42.9,32.5,503,8.5,0.5,0.025,44.1,169.8,서울교통공사,2024-06-25
서울특별시,은평구,2023,6호선,구산,대합실 및 승강장,41.5,29.8,444,4.5,0.7,0.035,55.9,111.7,서울교통공사,2024-06-25
서울특별시,은평구,2023,6호선,새절,대합실 및 승강장,50.7,24.9,460,5.9,0.7,0.031,37.4,85.1,서울교통공사,2024-06-25
서울특별시,은평구,2023,6호선,증산,대합실 및 승강장,54.1,29.7,472,13.9,0.8,0.041,47.5,163.2,서울교통공사,2024-06-25
서울특별시,은평구,2023,6호선,디지털미디어시티(6),대합실 및 승강장,34.5,32.8,444,4.9,0.6,0.035,35.2,115.8,서울교통공사,2024-06-25
서울특별시,마포구,2023,6호선,월드컵경기장,대합실 및 승강장,41.3,20,443,9.8,0.6,0.027,41.9,158.5,서울교통공사,2024-06-25
서울특별시,마포구,2023,6호선,마포구청,대합실 및 승강장,77.2,47.3,574,9.3,0.7,0.036,22.3,12,서울교통공사,2024-06-25
서울특별시,마포구,2023,6호선,망원,대합실 및 승강장,53.8,35,501,19.4,0.7,0.028,25.6,21,서울교통공사,2024-06-25
서울특별시,마포구,2023,6호선,합정(6),대합실 및 승강장,41.7,27.7,547,9.5,0.4,0.015,38.5,13.8,서울교통공사,2024-06-25
서울특별시,마포구,2023,6호선,상수,대합실 및 승강장,66.8,38.5,470,8.9,0.6,0.026,42.4,13.2,서울교통공사,2024-06-25
서울특별시,마포구,2023,6호선,광흥창,대합실 및 승강장,41.3,28.3,428,5.5,0.4,0.017,29,198.1,서울교통공사,2024-06-25
서울특별시,마포구,2023,6호선,대흥,대합실 및 승강장,82.7,30.4,516,11.9,0.6,0.023,27.3,265.3,서울교통공사,2024-06-25
서울특별시,마포구,2023,6호선,공덕(6),대합실 및 승강장,51.2,27,480,7.7,0.4,0.023,32.9,231.9,서울교통공사,2024-06-25
서울특별시,용산구,2023,6호선,효창공원앞(6),대합실 및 승강장,57,32.8,430,5.8,0.5,0.023,27.3,399.7,서울교통공사,2024-06-25
서울특별시,용산구,2023,6호선,삼각지(6),대합실 및 승강장,70.8,39.7,493,5.2,0.4,0.016,45.3,361.7,서울교통공사,2024-06-25
서울특별시,용산구,2023,6호선,녹사평,대합실 및 승강장,60.6,48.1,461,6.9,0.5,0.028,36.6,370.8,서울교통공사,2024-06-25
서울특별시,용산구,2023,6호선,이태원,대합실 및 승강장,60.8,43.4,489,10.5,0.8,0.03,25.9,302.9,서울교통공사,2024-06-25
서울특별시,용산구,2023,6호선,한강진,대합실 및 승강장,52.3,29.5,472,7.1,0.5,0.022,27.6,350.2,서울교통공사,2024-06-25
서울특별시,중구,2023,6호선,버티고개,대합실 및 승강장,57.9,67.2,446,7.1,0.6,0.017,39.4,278,서울교통공사,2024-06-25
서울특별시,중구,2023,6호선,약수(6),대합실 및 승강장,58.7,39.5,515,7.1,0.6,0.029,30.9,282.2,서울교통공사,2024-06-25
서울특별시,중구,2023,6호선,청구(6),대합실 및 승강장,42.8,28.2,451,7,0.5,0.024,30.9,376.3,서울교통공사,2024-06-25
서울특별시,중구,2023,6호선,신당(6),대합실 및 승강장,57.1,34.8,555,12.8,0.5,0.023,39.9,104.7,서울교통공사,2024-06-25
서울특별시,종로구,2023,6호선,동묘앞(6),대합실 및 승강장,72.9,40.2,436,11.6,0.5,0.023,36.6,138.4,서울교통공사,2024-06-25
서울특별시,종로구,2023,6호선,창신,대합실 및 승강장,64.7,55.6,444,9.2,0.5,0.017,44.4,96.1,서울교통공사,2024-06-25
서울특별시,성북구,2023,6호선,보문,대합실 및 승강장,52.4,32.3,487,17.8,0.7,0.032,52.8,184.6,서울교통공사,2024-06-25
서울특별시,성북구,2023,6호선,안암,대합실 및 승강장,29.3,29,483,12.7,0.6,0.035,41,90.8,서울교통공사,2024-06-25
서울특별시,성북구,2023,6호선,고려대,대합실 및 승강장,47.4,22.2,380,10,0.4,0.021,73,95.1,서울교통공사,2024-06-25
서울특별시,성북구,2023,6호선,월곡,대합실 및 승강장,74.9,34.8,419,5.8,0.3,0.02,81.4,141.4,서울교통공사,2024-06-25
서울특별시,성북구,2023,6호선,상월곡,대합실 및 승강장,35.1,26,424,5,0.7,0.045,32.6,224,서울교통공사,2024-06-25
서울특별시,성북구,2023,6호선,돌곶이,대합실 및 승강장,37.5,28.2,446,10.9,0.5,0.041,32.6,150.4,서울교통공사,2024-06-25
서울특별시,노원구,2023,6호선,석계,대합실 및 승강장,43.2,32.2,425,7,0.4,0.021,41,383.3,서울교통공사,2024-06-25
서울특별시,노원구,2023,6호선,태릉입구(6),대합실 및 승강장,48.7,37.5,433,4.8,0.6,0.024,36.6,317.1,서울교통공사,2024-06-25
서울특별시,노원구,2023,6호선,화랑대,대합실 및 승강장,49.3,27.4,403,12,0.5,0.039,34.3,269.7,서울교통공사,2024-06-25
서울특별시,중랑구,2023,6호선,봉화산,대합실 및 승강장,29,23.9,394,13,0.3,0.024,42.7,244.5,서울교통공사,2024-06-25
서울특별시,노원구,2023,7호선,수락산,대합실 및 승강장,69,57.1,502.6,8.9,1,0.027,45.9,272.5,서울교통공사,2024-06-25
서울특별시,노원구,2023,7호선,마들,대합실 및 승강장,53.4,34.5,550.6,7.7,1,0.068,72,211.3,서울교통공사,2024-06-25
서울특별시,노원구,2023,7호선,노원(7),대합실 및 승강장,72.4,37.6,568.6,7.6,1.5,0.075,72,125.7,서울교통공사,2024-06-25
서울특별시,노원구,2023,7호선,중계,대합실 및 승강장,59.7,37.8,497.9,8.7,0.8,0.043,75.4,273.2,서울교통공사,2024-06-25
서울특별시,노원구,2023,7호선,하계,대합실 및 승강장,38.8,36.1,544.5,7.1,0.7,0.034,63.5,128.9,서울교통공사,2024-06-25
서울특별시,노원구,2023,7호선,공릉,대합실 및 승강장,42.6,36.2,530.8,7.3,1.1,0.045,83.9,404.1,서울교통공사,2024-06-25
서울특별시,노원구,2023,7호선,태릉입구(7),대합실 및 승강장,43,31.3,506.2,7.6,0.4,0.026,43.6,80.6,서울교통공사,2024-06-25
서울특별시,중랑구,2023,7호선,먹골,대합실 및 승강장,46.3,31.5,518,6.1,1.1,0.068,48.2,161.7,서울교통공사,2024-06-25
서울특별시,중랑구,2023,7호선,중화,대합실 및 승강장,51.7,25.9,490.3,10.2,1,0.053,44.8,129.8,서울교통공사,2024-06-25
서울특별시,중랑구,2023,7호선,상봉,대합실 및 승강장,32.7,20.1,584.6,8.2,0.8,0.026,39.7,270.3,서울교통공사,2024-06-25
서울특별시,중랑구,2023,7호선,면목,대합실 및 승강장,39.8,29.8,526.6,5.1,0.7,0.064,36.3,98,서울교통공사,2024-06-25
서울특별시,중랑구,2023,7호선,사가정,대합실 및 승강장,28.9,25.7,536.6,6.5,0.7,0.068,46.5,114.8,서울교통공사,2024-06-25
서울특별시,중랑구,2023,7호선,용마산,대합실 및 승강장,52.5,43.3,551.7,12.2,0.4,0.015,44.8,57.7,서울교통공사,2024-06-25
서울특별시,광진구,2023,7호선,중곡,대합실 및 승강장,19.3,25.5,436.5,9.3,0.3,0.016,46.5,37.3,서울교통공사,2024-06-25
서울특별시,광진구,2023,7호선,군자(7),대합실 및 승강장,89.8,32,571.3,11.9,1,0.028,44.8,116.1,서울교통공사,2024-06-25
서울특별시,광진구,2023,7호선,어린이대공원,대합실 및 승강장,71.1,27.3,479.3,8,0.7,0.024,39.7,141.2,서울교통공사,2024-06-25
서울특별시,광진구,2023,7호선,건대입구(7),대합실 및 승강장,30.9,28.5,491.8,10,1,0.032,36.9,201.2,서울교통공사,2024-06-25
서울특별시,강남구,2023,7호선,청담,대합실 및 승강장,52.6,31.8,498.9,7.1,0.5,0.025,32,132.4,서울교통공사,2024-06-25
서울특별시,강남구,2023,7호선,강남구청,대합실 및 승강장,70.6,36.6,627.3,11.4,0.5,0.019,36.9,197.2,서울교통공사,2024-06-25
서울특별시,강남구,2023,7호선,학동,대합실 및 승강장,64,26.3,663,8.1,0.9,0.034,24.6,347,서울교통공사,2024-06-25
서울특별시,강남구,2023,7호선,논현,대합실 및 승강장,41.8,32.1,589.9,8.7,0.5,0.029,28,298,서울교통공사,2024-06-25
서울특별시,서초구,2023,7호선,반포,대합실 및 승강장,37.6,25.5,475.3,6.3,0.7,0.038,24.6,76.3,서울교통공사,2024-06-25
서울특별시,서초구,2023,7호선,고속터미널(7),대합실 및 승강장,33.1,28.5,671.3,10.5,0.7,0.028,34.8,269.2,서울교통공사,2024-06-25
서울특별시,서초구,2023,7호선,내방,대합실 및 승강장,63.6,37.3,474.1,6.6,0.5,0.028,33.2,104.7,서울교통공사,2024-06-25
서울특별시,동작구,2023,7호선,이수(7),대합실 및 승강장,39.9,25.7,548.9,10.4,0.7,0.029,47,150.5,서울교통공사,2024-06-25
서울특별시,동작구,2023,7호선,남성,대합실 및 승강장,29,24,444.9,8.1,0.5,0.024,34.8,123.6,서울교통공사,2024-06-25
서울특별시,동작구,2023,7호선,숭실대입구,대합실 및 승강장,31.4,29.8,492.9,9.5,0.5,0.022,49.8,170.2,서울교통공사,2024-06-25
서울특별시,동작구,2023,7호선,상도,대합실 및 승강장,25.3,26.5,443.7,9.3,0.4,0.022,46.5,166,서울교통공사,2024-06-25
서울특별시,동작구,2023,7호선,장승배기,대합실 및 승강장,41,22.1,439.5,9.9,0.6,0.026,39.8,77.7,서울교통공사,2024-06-25
서울특별시,동작구,2023,7호선,신대방삼거리,대합실 및 승강장,35.3,27.9,455.2,8.9,0.3,0.016,48.2,103.5,서울교통공사,2024-06-25
서울특별시,동작구,2023,7호선,보라매,대합실 및 승강장,44.7,28.1,457.5,5.7,0.7,0.021,31.5,43.2,서울교통공사,2024-06-25
서울특별시,영등포구,2023,7호선,신풍,대합실 및 승강장,48.7,23,449.2,6.8,0.3,0.021,36.5,43.1,서울교통공사,2024-06-25
서울특별시,구로구,2023,7호선,대림(7),대합실 및 승강장,26.2,24.3,467.3,7.2,0.8,0.028,29.8,128.9,서울교통공사,2024-06-25
서울특별시,구로구,2023,7호선,남구로,대합실 및 승강장,57.7,46.5,462.1,8.3,0.4,0.026,46.5,179.6,서울교통공사,2024-06-25
서울특별시,금천구,2023,7호선,가산디지털단지(7),대합실 및 승강장,37.5,29.8,635.9,8.7,0.5,0.016,45.9,274.6,서울교통공사,2024-06-25
경기도,광명시,2023,7호선,철산,대합실 및 승강장,25.7,26.9,456.6,8.7,0.3,0.015,33.2,235.6,서울교통공사,2024-06-25
경기도,광명시,2023,7호선,광명사거리,대합실 및 승강장,50.9,31.1,493.2,10.5,1.2,0.041,26.5,252.1,서울교통공사,2024-06-25
서울특별시,구로구,2023,7호선,천왕,대합실 및 승강장,41.5,33.6,456,5.5,0.5,0.025,39.3,191.1,서울교통공사,2024-06-25
서울특별시,구로구,2023,7호선,온수(7),대합실 및 승강장,24.8,24.2,473.5,12,0.8,0.02,31.5,154.2,서울교통공사,2024-06-25
서울특별시,강동구,2023,8호선,암사,대합실 및 승강장,31.4,25.2,501.3,12.4,0.9,0.027,26.5,170.2,서울교통공사,2024-06-25
서울특별시,강동구,2023,8호선,천호(5),대합실 및 승강장,81.8,35.7,643.9,11.6,1.1,0.076,31.5,163.8,서울교통공사,2024-06-25
서울특별시,강동구,2023,8호선,강동구청,대합실 및 승강장,78.6,28,493.5,10.7,0.9,0.039,33.2,160.4,서울교통공사,2024-06-25
서울특별시,송파구,2023,8호선,몽촌토성,대합실 및 승강장,43.3,28.4,555.4,5.2,1.1,0.09,28.2,100.7,서울교통공사,2024-06-25
서울특별시,송파구,2023,8호선,잠실(8),대합실 및 승강장,37,33,604.5,4.5,0.9,0.053,33.7,115.5,서울교통공사,2024-06-25
서울특별시,송파구,2023,8호선,석촌(8),대합실 및 승강장,87.5,40.9,684.7,4.9,1.1,0.031,38.2,111.1,서울교통공사,2024-06-25
서울특별시,송파구,2023,8호선,송파,대합실 및 승강장,46.6,40.3,478.5,5,0.3,0.021,34.8,115.3,서울교통공사,2024-06-25
서울특별시,송파구,2023,8호선,가락시장(8),대합실 및 승강장,62.6,30.5,543.7,6.4,1,0.037,28.2,180.8,서울교통공사,2024-06-25
서울특별시,송파구,2023,8호선,문정,대합실 및 승강장,54.3,37.7,490.5,4.4,0.4,0.025,29.8,146.8,서울교통공사,2024-06-25
서울특별시,송파구,2023,8호선,장지,대합실 및 승강장,39.7,32.9,578.6,5.3,1.6,0.087,29.8,228.4,서울교통공사,2024-06-25
서울특별시,송파구,2023,8호선,복정,대합실 및 승강장,56.7,67.7,529.5,4,0.7,0.075,39.8,123.8,서울교통공사,2024-06-25
경기도,성남시,2023,8호선,산성,대합실 및 승강장,28.6,26,493.5,3.6,0.7,0.026,36.5,115.5,서울교통공사,2024-06-25
경기도,성남시,2023,8호선,남한산성입구,대합실 및 승강장,23.3,23.2,615.1,8.1,1.2,0.088,41.5,201.8,서울교통공사,2024-06-25
경기도,성남시,2023,8호선,단대오거리,대합실 및 승강장,41.5,23.1,519.1,6.3,0.9,0.054,29.9,120,서울교통공사,2024-06-25
경기도,성남시,2023,8호선,신흥,대합실 및 승강장,45.4,30.2,533.8,9.5,1,0.035,41.4,278.8,서울교통공사,2024-06-25
경기도,성남시,2023,8호선,수진,대합실 및 승강장,67.7,40.3,484.1,6.8,0.6,0.036,29.9,201,서울교통공사,2024-06-25
경기도,성남시,2023,8호선,모란,대합실 및 승강장,27.7,19.3,540.5,5.5,0.7,0.038,33.2,124.9,서울교통공사,2024-06-25
서울특별시,강남구,2023,9호선,언주,대합실 및 승강장,29.7,43.5,344,25.1,1.1,0.025,23.1,127.7,서울교통공사,2024-06-25
서울특별시,강남구,2023,9호선,선정릉,대합실 및 승강장,45.6,58.7,394.7,23.3,1.1,0.025,31.3,112.6,서울교통공사,2024-06-25
서울특별시,강남구,2023,9호선,삼성중앙,대합실 및 승강장,29.2,30.6,357,20.2,1.3,0.026,13.9,81.2,서울교통공사,2024-06-25
서울특별시,강남구,2023,9호선,봉은사,대합실 및 승강장,34,21.3,397.5,19.6,1.4,0.041,15.7,92.9,서울교통공사,2024-06-25
서울특별시,송파구,2023,9호선,종합운동장(9),대합실 및 승강장,39.3,27,376,20,1.2,0.033,25.4,76.5,서울교통공사,2024-06-25
서울특별시,송파구,2023,9호선,삼전,대합실 및 승강장,47.7,44.8,459,25.7,1.2,0.033,57.1,106.9,서울교통공사,2024-06-25
서울특별시,송파구,2023,9호선,석촌고분,대합실 및 승강장,52.3,39,418.5,23.5,1.2,0.045,20,106.8,서울교통공사,2024-06-25
서울특별시,송파구,2023,9호선,석촌,대합실 및 승강장,45.1,55.5,364.8,25.3,1.2,0.03,26.7,110.2,서울교통공사,2024-06-25
서울특별시,송파구,2023,9호선,송파나루,대합실 및 승강장,41.3,58.4,349,21,1.3,0.033,30,101.7,서울교통공사,2024-06-25
서울특별시,송파구,2023,9호선,한성백제,대합실 및 승강장,38.1,33.3,310.5,22.3,1.1,0.015,19.3,96.5,서울교통공사,2024-06-25
서울특별시,송파구,2023,9호선,올림픽공원,대합실 및 승강장,54.8,50.1,372.7,28.5,1.3,0.015,27.3,88.8,서울교통공사,2024-06-25
서울특별시,강동구,2023,9호선,둔촌오륜,대합실 및 승강장,38.2,49.1,347,25.1,1.3,0.035,29.6,74.7,서울교통공사,2024-06-25
서울특별시,강동구,2023,9호선,중앙보훈병원,대합실 및 승강장,22.3,44.9,378,25.6,1.2,0.012,40.4,89,서울교통공사,2024-06-25
